author,content
niltheoverkill,Hey
niltheoverkill,Ruthie
niltheoverkill,Is there any chance you have proof
niltheoverkill,Of that guy's messages
niltheoverkill,We just got in contact with another admin in that server and we've been telling them about this
niltheoverkill,She's a girl so we're hoping she gets it
peachyqiss,hey i can look! sorry i was in class
niltheoverkill,yeah no worries
niltheoverkill,take your time
niltheoverkill,but dont take too long-
niltheoverkill,hey
niltheoverkill,are you here
peachyqiss,IM SORRY IWAS IN CALCULUS
peachyqiss,getting the screenshots now
peachyqiss,"we only had one convo prior and it was meeting each other, and i had only been to two study sessions at that point"
peachyqiss,this was my bio in the server he found me in
niltheoverkill,"OK, first of all, I just wanna say"
niltheoverkill,Do not send your pictures to strange men on the Internet
niltheoverkill,Do not even text them
niltheoverkill,Do not even breathe the same air as them
niltheoverkill,"But as the adult in the room, it is more his fault than yours"
niltheoverkill,Please be more cautious next time
peachyqiss,"yeah :( i figured that since we already had a cam-on study session it wouldn‚Äôt be that bad bc he already saw who i was. it was after that that i realized ‚Äúdamn, he‚Äôs a creep‚Äù and wanted to take it all back"
peachyqiss,defo won‚Äôt happen again.
peachyqiss,"hey nil, reyna passed over ownership to me and i was just wondering if you could gauge how active you'll be on the server. if you can't mod that's fine, but i would love if you could be more active in case we need to update SERENA. i'm intermediate with python but i've never taken on a project like this, so having you around would be really really helpful!"
peachyqiss,"not trying to rush of pressure you or anything, but if you don't get back to me soon, i'm going to have to start looking for other programmers to help with development if you can't"
niltheoverkill,"hey, i just saw everything today firstly - CONGRATS üéä uni for me starts in a couple days (unfortunately) so i most certainly will be 10x more active than i am right now, i know almost everything regarding the bot so ofc i'll help to the best of my abilities"
niltheoverkill,i think most of the development part has been completed so from now on it will be minor fixes
peachyqiss,"THANK YOU! yeah, we just need to have a few fixes and the ability to add things when needed. i know python to an extent but it‚Äôs nice to have someone who‚Äôs well versed with the bot and more fluent/can get projects done more efficiently than me i‚Äôm glad you‚Äôll be more active!! hopefully we can start up another back to school event or a movie night soon!"
niltheoverkill,oh i'd love to get back into hosting events for the server i kinda miss it too
niltheoverkill,a back to school event for SURE
peachyqiss,yeah! we‚Äôve tried hosting events over the summer but you were amazing at them
niltheoverkill,:catsobbing:
niltheoverkill,i kinda had a shit summer but thats not an excuse to bail im sorry about that :(
peachyqiss,"it‚Äôs okay! we all have our struggles and i totally get that! just let me know when something is going on so i can plan ahead okay? no details or anything, a simple ‚Äúhey ruthie something came up and im not going to be online for x amount of time‚Äù works!"
peachyqiss,"the server isn‚Äôt the only thing in our lives and i totally get that, i just want to stay in the loop so everything is accounted for :)"
niltheoverkill,yeah thats only fair
niltheoverkill,hey how are you by the way
niltheoverkill,college n shit ü§™
peachyqiss,"i‚Äôm good, uni started about a week or two ago and i‚Äôve been RUNNING"
niltheoverkill,that first week is a hustle as per usual
peachyqiss,learning two new programming languages while doing other stuff is hard üò≠
peachyqiss,yeah it‚Äôs not been the best
niltheoverkill,ouuu what are you learning?
peachyqiss,C and MATLab
peachyqiss,it‚Äôs horrible üò≠
niltheoverkill,oh gosh
niltheoverkill,best of luck
niltheoverkill,NOT LIKE THATS ROCKET SCIENCE PUHAHAHAHAHHAHAHA
niltheoverkill,...
peachyqiss,HAHAHAHA
niltheoverkill,i'll um shut up now
peachyqiss,we got an assignment on wednesday from our intro to aerospace professor that was due last night. he said his class wouldn‚Äôt be a culling class but tell me why he demanded we have 10 projects in MATLab
peachyqiss,all due within 4 days
peachyqiss,and saturday we had a football game so none of us could do it that day
peachyqiss,my final work was 21 pages üò≠
niltheoverkill,crazy
niltheoverkill,insanity
peachyqiss,yeah i hate to say that i did in fact use chat gpt
peachyqiss,for a few of the questions üò≠
niltheoverkill,i would be surprised if someone didnt use chatgpt
peachyqiss,REAL
niltheoverkill,it's a personal tutor at this point
niltheoverkill,like
niltheoverkill,free and educational?
peachyqiss,one of the questions actually involved linear algebra (a course we don‚Äôt learn until our 3rd year)
niltheoverkill,wait WHAT
peachyqiss,YEAH
niltheoverkill,we have linear algebra on our 1st year 1st semester
niltheoverkill,üíÄ
peachyqiss,wait yall go to college then uni right?
peachyqiss,i can‚Äôt remember how europe does school
niltheoverkill,this happens all the time thoughhh professors dont know what the other courses and there are constant mixups
niltheoverkill,thats only in the uk afaik
niltheoverkill,im going into my last (3rd) year of uni
peachyqiss,yeah and he‚Äôs from canada and it‚Äôs his first year here üò≠ which makes it worse
peachyqiss,ohhhh okok
niltheoverkill,he'll apologize and fix it immediately then lmfao
peachyqiss,we went to his office hours and he didn‚Äôt say anything :chilewhat:
peachyqiss,his two assistants didn‚Äôt help at all either
peachyqiss,they said if they helped us then they would be ‚Äúspoon feeding‚Äù and we‚Äôre just ‚Äúnot in the right mindset‚Äù
niltheoverkill,we just assume they know what they're doing but if i learned ONE THING in higher education it's that nobody and i mean NOBODY knows what they are doing
peachyqiss,REAL
peachyqiss,that‚Äôs so real
niltheoverkill,well feed me like a mama bird so i can fly out of the nest
peachyqiss,this is our curriculum sheet
niltheoverkill,hopefully your other classes' staff are more help
niltheoverkill,hey this is actually kinda pleasant
peachyqiss,you can arrange it differently depending on how many classes you passed in high school though
peachyqiss,i know it‚Äôs so nice
peachyqiss,the computer engineering program‚Äôs sheet is a flow chart
niltheoverkill,omfg i love american colleges for this shit
peachyqiss,it‚Äôs so hard to read
peachyqiss,YES ITS SO PEAK
niltheoverkill,in a language they can understand üíÄ
peachyqiss,üíÄ
niltheoverkill,MOM I AM A RICH MAN
peachyqiss,üíçüßé‚Äç‚ôÄÔ∏è
niltheoverkill,Hey Ruthie
niltheoverkill,How are you doing
peachyqiss,"hey, i‚Äôm okay"
peachyqiss,a little stressed
niltheoverkill,What‚Äôs wrong?
peachyqiss,reyna is asking for owner back and it‚Äôs really out of left field
niltheoverkill,"Yeah, actually I came here to talk to you about that"
peachyqiss,oh man
peachyqiss,okay
niltheoverkill,I think it‚Äôs very disrespectful that she did that
niltheoverkill,I am aware that she‚Äôs confused and a bit lost so she doesn‚Äôt know what to do
niltheoverkill,But you have every right to say no
niltheoverkill,"In fact, I think I would‚Äôve said no myself"
niltheoverkill,"Whatever you say, I‚Äôm with you on this one"
niltheoverkill,You want me to say something to her i will
peachyqiss,nono it‚Äôs okay
peachyqiss,can you just make sure i‚Äôm not being crazy?
niltheoverkill,Yeah
niltheoverkill,Ur not
niltheoverkill,ü´µ
niltheoverkill,"She‚Äôs been thinking of texting you for a long time and she has brought up the idea of asking the ownership back to me in dms like 1-2 weeks ago - I told her that it was a bad idea, but if she really really wanted to, she should just talk to you (i said ‚Äúwhats the harm, just ask‚Äù)"
niltheoverkill,"And I told her ‚ÄúRuthie has every right to say no, you know that right?‚Äù"
niltheoverkill,I‚Äôm translating because the conversation is in Turkish obviously
niltheoverkill,Reading now give me a min
peachyqiss,"this is all that i said after, but yeah"
niltheoverkill,"Sorry to break it to you but some things she said here seem like lies to me - they‚Äôre small lies, but still lies"
niltheoverkill,Yeah no
niltheoverkill,"That‚Äôs not the part I should be focused on though, her personal life as long as it doesn‚Äôt affect the server shouldn‚Äôt bother me"
niltheoverkill,I think you put it in quite a delicate way
peachyqiss,i just feel bad because I want her to have the opportunity to adjust to her new life without having to worry. she‚Äôs literally moving to a new country and i don‚Äôt want the server to be affected again
niltheoverkill,No takebacksies :fingerWave:
peachyqiss,but she said i was back stabbing her
peachyqiss,and like that really hurts because she knows how loyal i am to her and her ideas?
niltheoverkill,"Yeah, I think she knows and she‚Äôs just a bit angry right now"
peachyqiss,"if i backstabbed her she wouldn‚Äôt be in the staff server, she wouldn‚Äôt have the founder role, etc etc"
niltheoverkill,You still gave her the courtesy of staying in the inner circle
niltheoverkill,I think that in itself is really big
peachyqiss,but i did all of that because i do care about her and i want her to see what we‚Äôre doing
peachyqiss,yeah
peachyqiss,i don‚Äôt know
peachyqiss,i feel like she‚Äôs making it really personal
niltheoverkill,She also texted me rn saying Ruthie didn‚Äôt give it back and I said why should she?
niltheoverkill,Yes
peachyqiss,i think she forgot i was a day 1 too. sure not mod but i saw everything since before it was girls only
peachyqiss,and i was made a mod on like
peachyqiss,day 3
peachyqiss,üò≠
peachyqiss,"but you were also day 1, and nisan and jazzi"
peachyqiss,"i know it‚Äôs a big thing for her and i did say i would give it back, i just want her to be sure"
peachyqiss,"because she can say she‚Äôs ready, then she‚Äôll actually get to italy and get super stressed again"
niltheoverkill,That‚Äôs right and that‚Äôs what I‚Äôm thinking is going to happen as well
peachyqiss,same
niltheoverkill,She thinks she‚Äôs ready she is NOT i can tell you that
niltheoverkill,Even if she is - it‚Äôs going to take a lot of mental effort to adjust and also the time
peachyqiss,i can literally pull up the messages where she agreed to the co thing though. it‚Äôs kind of frustrating she‚Äôs going back on that
peachyqiss,like
niltheoverkill,I think you should just hit her with a hard no right now
niltheoverkill,That‚Äôs probably the only thing that‚Äôs going to stop this conversation on and on
peachyqiss,yeah
niltheoverkill,Full 180
peachyqiss,"i might just say ‚Äúi can give you co. you can tell me about your ideas for the server and i would love to implement them with you. you will still take responsibility for every facet you develop, like before. but i am not comfortable giving up everything before you adjust to uni in italy for at least a month‚Äù"
peachyqiss,actually i might omit the last part
peachyqiss,idk
peachyqiss,she was a good owner but i‚Äôm so nervous
niltheoverkill,Don‚Äôt be
niltheoverkill,You call the shots now
peachyqiss,i know but this was all hers
niltheoverkill,And she made the executive decision to gift it all to you
niltheoverkill,"This sounds good, I would keep the last* part, but I don‚Äôt know what your personal relationship with her is"
peachyqiss,we‚Äôre close i think
niltheoverkill,"If you feel comfortable enough to keep it in, I would say keep it in"
peachyqiss,"okay, i just don‚Äôt want to go back on it if the month goes by and she‚Äôs still not ready"
peachyqiss,i hate going back on my word like that idk
niltheoverkill,I think you should just say we‚Äôll see what happens in a month
niltheoverkill,And I‚Äôll bet you that she‚Äôll be glad she didn‚Äôt take the ownership back in a month
peachyqiss,thank you bio
peachyqiss,nil*
niltheoverkill,no problem chem
niltheoverkill,ruthie*
peachyqiss,HAHAHA
peachyqiss,i was really stressing about this but you made it so much better
peachyqiss,seriously thank you so much
niltheoverkill,"Don‚Äôt worry, I got your back"
peachyqiss,if you need anything let me know
niltheoverkill,Likewise
niltheoverkill,"Let me know how it goes, but I assume I‚Äôll be getting information from both sides ü§≠"
peachyqiss,"i‚Äôll let you know how the thing with reyna goes, i‚Äôll probably text her in like 3/4 hours because that‚Äôs when i get out of class"
peachyqiss,yeah ofc ofc
niltheoverkill,yeaah ofc fcus on your class right now this is secondary
niltheoverkill,I texted her no takebacksies :fingerWave: 15 mins ago and she hasnt responded HAHAHAHAZHHS
peachyqiss,NO WAY
niltheoverkill,make that 1.5 hrs rn
peachyqiss,i‚Äôm in between classes right now but i think i‚Äôll just text her the main thing and stop responding when i go to class bc i don‚Äôt want her to think im avoiding her bc im texting in the servers
niltheoverkill,good call
peachyqiss,"Hey, I‚Äôm in between classes right now but I have been thinking and I wanted to let you know that I am not giving up the ownership position. I will be more than happy to give you co-owner like we previously discussed and we can go from there. You will be able to freely moderate and develop SERENA like you mentioned and we can start implementing the monetization policy together. You can still take credit for the features you develop like you did in your LinkedIn with SERENA. I know this place was built by you, but I was there since day 1 too and I don‚Äôt think it‚Äôs a good idea to go ahead with this, at least not right now. We‚Äôll see how things look in a month or two, but I will not consider it until you are in Italy and settled into your uni."
peachyqiss,is this good?
peachyqiss,let me know what i should change üôè
niltheoverkill,Yepp looks good if you're comfortable sending it
peachyqiss,is there anything i should add/take away?
peachyqiss,i feel like i‚Äôm being really harsh
niltheoverkill,no there is a difference between being confident and stern and harsh
peachyqiss,"okay, sending it"
peachyqiss,thank you for being here for me nil
niltheoverkill,Go for it
niltheoverkill,Of course
niltheoverkill,Anytime
peachyqiss,okay she‚Äôs fine
niltheoverkill,i gotchu
niltheoverkill,hold on
peachyqiss,tyty
peachyqiss,"thank you sm, she sent me the instructions but not the ip bc i had access to it"
niltheoverkill,let me try to get in aswell
niltheoverkill,i think we're going to have to resort to manually inviting every member
niltheoverkill,which sucks
niltheoverkill,but if we split lets say 200 per staff
niltheoverkill,we can manage
peachyqiss,yeah i think we can do that
niltheoverkill,this is good
niltheoverkill,"it says ""failed to kick"""
niltheoverkill,does it say that for everyone
niltheoverkill,thats a list of usernames i can extract
peachyqiss,"not everyone, but i know not everyone is banned. i checked the discord ban logs"
niltheoverkill,it's formatted yknow
peachyqiss,but in the audit logs of discord we can see everyone that was kicked
peachyqiss,here i'll share my screen
niltheoverkill,hey ruthie
niltheoverkill,i couldnt access from putty
niltheoverkill,any chance you still have yours on or something?
niltheoverkill,i dont know what might be causing it
niltheoverkill,i cant run source venv/bin/activate
peachyqiss,yeah i have mine
peachyqiss,i‚Äôm at practice rn but i‚Äôll get home asap
niltheoverkill,Have a great practice!
peachyqiss,I just got out! :D
peachyqiss,okay tell me what commands i should run in puTTY to get what we need
niltheoverkill,Me asf in bed rn
peachyqiss,HAHAHAHA
peachyqiss,i‚Äôm so sorry i know it‚Äôs so late for you
niltheoverkill,No no its ok
niltheoverkill,Actually
niltheoverkill,I dont know yet
niltheoverkill,I think I need to research
niltheoverkill,..
peachyqiss,"yeah same, i can‚Äôt think of anything off of the top of my head"
peachyqiss,"don‚Äôt worry, we can worry about it tmrw :D"
peachyqiss,when i wake up you‚Äôre awake so we can do it then
niltheoverkill,What the hell was I thinking broo im sorry I‚Äôll let you know when I have a clear answer
peachyqiss,i‚Äôll wake up early so i‚Äôll have time before class
niltheoverkill,Perfect
peachyqiss,nooooo dwdwdw
peachyqiss,is there anything else for us to do?
niltheoverkill,"Hey, don‚Äôt change anything in your schedule because of this"
niltheoverkill,There is a lot but right now we both get a couple hours off
peachyqiss,i‚Äôm going to - set up ticket bot - set up channel perms - set up intro/verification channel - set up automod - check SERENA again - maybe set up lofi vcs - try to see how we can do the club thing again
peachyqiss,the club thing with SERENA was really great UGH i‚Äôm so mad
niltheoverkill,"Also, I think you know I should craft a message to send to reyna If you want to, of course"
peachyqiss,"you can, i know many people have reached out"
peachyqiss,jazzi did and she sent a long response then deleted it right after
niltheoverkill,"Hey, it‚Äôs all right. We‚Äôll get it all going again, baby steps"
peachyqiss,"pretty sure she blocked me though, not sure"
niltheoverkill,"Don‚Äôt worry, I have ways of reaching her"
niltheoverkill,She still needs me so I‚Äôm assuming she won‚Äôt block me off
peachyqiss,i feel bad but i‚Äôm glad we were right about it being impulse
peachyqiss,because this definitely proves it
niltheoverkill,I‚Äôm just scared of a person that can ruin the lives of a lot of people with a couple clicks of a button
peachyqiss,"and i know it was her work and everything, but why would she throw it all away like that because i wanted her to move first? then tell a handful of members lies of what happened?"
peachyqiss,yeah
niltheoverkill,Rage is the powerful emotion
niltheoverkill,So is jealousy
peachyqiss,"i also hated how everyone said everything was all her, like you didn‚Äôt program so much of SERENA and hold all of the events, and i didn‚Äôt expand the server a ton"
peachyqiss,i don‚Äôt know it just rubbed me the wrong way
niltheoverkill,Our job is done the same way even if we don‚Äôt get recognition for it so I don‚Äôt mind honestly
niltheoverkill,Thats fair
niltheoverkill,"This is like saying a president saved a country though, one person represents the group of people that worked behind-the-scenes"
peachyqiss,"yeah that‚Äôs true, i‚Äôm not expecting praise or anything, but giving praise to just one person when it was a team is what is icky"
peachyqiss,that‚Äôs true
peachyqiss,nil you‚Äôre so wise when you‚Äôre tired
niltheoverkill,"Yeah, not being seen by the people you trust hurts really bad and I get that"
niltheoverkill,DUDEE AHAHHSGSHSSHH
peachyqiss,HAHAHAHAHAHA
niltheoverkill,I‚Äôm just depressed these days homie
niltheoverkill,üò≠
niltheoverkill,Just kidding it‚Äôs obviously loss of a lot of blood today that got to my brain
niltheoverkill,website's down
niltheoverkill,did you know?
niltheoverkill,she deleted the entire git repo of the website i think
niltheoverkill,i still have all the code to the website
peachyqiss,you‚Äôre kidding
niltheoverkill,Im afraid not
niltheoverkill,i know ur sleeping rn but im so excited
niltheoverkill,because i got the entirety of the website back
niltheoverkill,"and published it, removing reyna of course"
niltheoverkill,Girls Only - A Girls Only Student Community Join our 24/7 online girls only study space and chat with other students.
niltheoverkill,we could even get the same domain again because some of the payments are made
peachyqiss,YAY IM SO EXCITED!!! THANK YOU!!!
niltheoverkill,i got our gmail its own discord account
niltheoverkill,do we have the server logo
niltheoverkill,i want to set it as a pfp
peachyqiss,"i don‚Äôt rn but i can get it, maybe check the drive to see if it‚Äôs in there already"
niltheoverkill,gosh i keep forgetting that exists
niltheoverkill,let me check ty ty
niltheoverkill,hey i've been thinking about something
niltheoverkill,i love nisan i really do but what the fuck is she doing as co owner
niltheoverkill,same level of activity as harriet
peachyqiss,yeah i don‚Äôt really know
peachyqiss,i‚Äôve been thinking too but she is a day 1 and she does contribute when she‚Äôs here
niltheoverkill,thats true
niltheoverkill,im not bothered to the point where im gonna nuke the server (!)
peachyqiss,LMFAO
niltheoverkill,just food for thought
niltheoverkill,yknow
peachyqiss,i‚Äôm not going to demote her right now but i will talk to her about being active
niltheoverkill,yeah that makes sense
peachyqiss,bc there was a dry spot with you but i wanted to make sure it was just an episodic thing
peachyqiss,i want to give her the same opportunity yk
niltheoverkill,mhm
niltheoverkill,let me chat with her actually we havent had a conversation in a long time
peachyqiss,okok!
peachyqiss,just check up on her tho
niltheoverkill,yep
peachyqiss,also i just wanted to say thank you for everything you‚Äôre doing right now. you‚Äôve been the saving grace with everything right now and the server would not have made the comeback it did without you
peachyqiss,you mean so much to me and having you in my corner really means a lot
niltheoverkill,thanks for saying that ‚ù§Ô∏è im just doing what i can
niltheoverkill,"it almost seemed like reyna was the only one on the ""tech"" side but what we forgot in my absence is that we started everything together"
peachyqiss,"nahhh you‚Äôre doing way more, i‚Äôm just really glad that i can go to sleep without worrying what will happen when im gone because you‚Äôll be there"
niltheoverkill,"she told me that she was going to hand the server over to me if i was active so i kinda feel guilty of ""making her give it to you"" but you've been a great owner so far and probably doing a better job than i could"
niltheoverkill,and im glad i can go to sleep knowing you're awake :)
peachyqiss,i was actually really surprised when she did give it to me bc you seemed like such an obvious choice
niltheoverkill,really?
niltheoverkill,damn
peachyqiss,yeah
peachyqiss,i mean don‚Äôt get me wrong i‚Äôm glad she gave it to me
peachyqiss,but it was kind of a shock
niltheoverkill,"if my presence is so persistent even when im gone, im shocked at what ppl think of me"
niltheoverkill,me too
niltheoverkill,"if she wanted it back i wouldve said no immediately by the way, i wouldnt be as nice as you were"
peachyqiss,:chilewhat: thank you so much that means everything to me
niltheoverkill,hence: she wouldve probably went ahead and done worse
niltheoverkill,past tense + past tense MY ENGLISH IS CRUMBLING
peachyqiss,HAHAHAHA
niltheoverkill,"im more of a straightforward person, i say things mostly as they come to my mind so..."
peachyqiss,you‚Äôre doing better than me üò≠
niltheoverkill,apart
niltheoverkill,a part
peachyqiss,NOOOO
peachyqiss,that will forever haunt me
niltheoverkill,the letters of apart are written apart if a part is seperate than another
peachyqiss,okay now you‚Äôre just showing off
peachyqiss,HAHAHAHAHA
niltheoverkill,:megathink:
niltheoverkill,hey miss rocket science
niltheoverkill,you can show off too
niltheoverkill,:torodance:
niltheoverkill,it's your mother tongue after all
peachyqiss,:toroblush:
peachyqiss,i‚Äôm actually doing this rn
niltheoverkill,me asf when physics
peachyqiss,REAL
peachyqiss,nil
niltheoverkill,ruthie
peachyqiss,cough
niltheoverkill,ohh this is goooooooooood
niltheoverkill,but idk if it's enough
niltheoverkill,"point... point... ""im not transphobic"" point.. point.. ""dont get me wrong"""
peachyqiss,mainly the different hormones thing really irked me
peachyqiss,i‚Äôm not affiliated with what you do with the screenshots but let me know what happens
peachyqiss,WINK
peachyqiss,WINK
peachyqiss,i don‚Äôt support this but if you do it anyway i can‚Äôt stop you
peachyqiss,WINK
peachyqiss,WINK
niltheoverkill,"im gonna try to dig up more dirt, i think i can get the entirety of our dms from discord with an email"
peachyqiss,yeah
niltheoverkill,turns out it wasnt an email
niltheoverkill,i requested all of my data
niltheoverkill,lets see what turns up
peachyqiss,i think only your messages will come back
niltheoverkill,probably
niltheoverkill,"i think in the event of me requesting to use some messages as legal evidence, they can retrieve deleted messages"
niltheoverkill,lets see what comes in the package
peachyqiss,NIL
peachyqiss,send the email linked to your nintendo account
niltheoverkill,could i ‚òùÔ∏è possibly ‚òùÔ∏è make sure that i can switch stores while im in family first
niltheoverkill,im flying home tmrw and my switch is there so i can actually make sure tomorrow night
niltheoverkill,OH send me your nintendo username so that i can add you too heheheh
peachyqiss,yes ofc ofc
peachyqiss,OKOK
niltheoverkill,thank you maam ^tips fedora^
niltheoverkill,i hate myself
peachyqiss,HAHAHAHA
niltheoverkill,ruthie
niltheoverkill,RUTHIE
niltheoverkill,please be awake oh god
niltheoverkill,or please dont be in class
peachyqiss,WHAT
peachyqiss,WHAT
peachyqiss,DAMN........
niltheoverkill,you're unmuted
niltheoverkill,i server muted you üò≠
peachyqiss,OMG KMS
peachyqiss,i thought i was muted
peachyqiss,i muted myself i know i did
peachyqiss,wtfffff
niltheoverkill,i JUMPED OUT OF MY SEAT HAHAHAHA
niltheoverkill,happens to the best of us dw about it
niltheoverkill,you still arent muted btw
niltheoverkill,just server muted by me
niltheoverkill,we have a problem
niltheoverkill,are you up?
niltheoverkill,starts from there
peachyqiss,oh shit
peachyqiss,i just read it all
niltheoverkill,Your link in bio is wrong now btw
niltheoverkill,Bc the link changed
peachyqiss,right thank you
peachyqiss,totally forgot
niltheoverkill,üòò
niltheoverkill,HAHJASHDJKASDHFGDKRUEHLWFSD
niltheoverkill,saw your msg
niltheoverkill,i realized you can open a ticket
niltheoverkill,and /add user
niltheoverkill,to summon someone into a ticket by force
niltheoverkill,isnt that amazing
peachyqiss,it is
peachyqiss,you can also do
peachyqiss,/ticket create
niltheoverkill,really?
niltheoverkill,i dont see that in commands
peachyqiss,it‚Äôs /new
peachyqiss,my bad
niltheoverkill,oh solid
niltheoverkill,i made these roles
niltheoverkill,we can modify them but
niltheoverkill,just a template for now
peachyqiss,PERFECT i love them
niltheoverkill,aye
niltheoverkill,AYE
niltheoverkill,I CAN SEE YOU
peachyqiss,HAHAHAHAHAHA
niltheoverkill,ü´µ
peachyqiss,I FORGOR
niltheoverkill,says the gay
niltheoverkill,smh
peachyqiss,WOW
peachyqiss,so thats how it is
peachyqiss,ok
niltheoverkill,RUTHIE
niltheoverkill,RUTHIEEEE
niltheoverkill,IM DYING OF LAUGHTER
niltheoverkill,DUDE
niltheoverkill,DUDE
niltheoverkill,I JOINED DESK CAM DWELLERS TODAY
niltheoverkill,AND MIN HAD HER CAMERA ON
niltheoverkill,‚ÄºÔ∏è
niltheoverkill,MIN FACE REVEAL
niltheoverkill,AS SOON AS I JOINED SHE TURNED IT OFF AHHSHHWHZJAHDHJAHD
peachyqiss,HAHAHAHAHAHA
peachyqiss,WHAT
peachyqiss,THATS SO FUNNY
niltheoverkill,I know we‚Äôre not supposed to say this to women but like you look so tired dude are you OK?
peachyqiss,HAHAHAHAHAHA
peachyqiss,no
niltheoverkill,AHAHAHSHHWHH I SEE U LAUGHING
niltheoverkill,WELLL
peachyqiss,no im okay fr this is just my lock in face
peachyqiss,and my face of eternal sufferring
peachyqiss,sufffering*
peachyqiss,SUFFERING
peachyqiss,DAMN
peachyqiss,anyways get me out
peachyqiss,after my first pomodoro ends i may relocate to the lobby
niltheoverkill,Good good glad to see you somewhat functioning
peachyqiss,SOMEWHAT
peachyqiss,HELLO
niltheoverkill,"is this a bad time to say that the ""is"" is supposed to be ""are"""
niltheoverkill,grammar police in your area
peachyqiss,HAHAHAHAHA
peachyqiss,we like
peachyqiss,describe finals as a single entity
niltheoverkill,hmm
peachyqiss,but youre so right
peachyqiss,im embarassed
niltheoverkill,but isnt it multiple exams
niltheoverkill,for multiple subjects
peachyqiss,perchance
niltheoverkill,thats so dumb
niltheoverkill,YOU CHANGED IT ASJLHDASJDHA
peachyqiss,"we're like ""hey how's finals"""
peachyqiss,IDK
peachyqiss,i just wrote a 10 page essay
peachyqiss,and i have no school for a month
peachyqiss,let me be illiterate
peachyqiss,i earned it
niltheoverkill,you be free
peachyqiss,also do you wanna read what i submitted
peachyqiss,HAHAHAHA
niltheoverkill,i might not be able to read rn im also studying but send!
peachyqiss,read at your convenience üë©‚Äç‚ù§Ô∏è‚Äçüíã‚Äçüë©
niltheoverkill,us president?? yes maam
peachyqiss,LMAO
niltheoverkill,bro this has to be like 2k words though NICE STRETCHING AJSHDJASHDSAJ
niltheoverkill,10 pages
peachyqiss,2400
peachyqiss,LISTEN IM A YAPPER IDK
peachyqiss,the guideline says 4-5 LMFAO
niltheoverkill,üíÄ
niltheoverkill,michael's gonna cook you
peachyqiss,nawwwwwww
peachyqiss,(yeah)
niltheoverkill,KAJSHDJKASDHASJJALSHD
peachyqiss,the father of the ü¶Ö CONSTITUTION ü¶Ö
niltheoverkill,discord.gg/girlsonlystudy
niltheoverkill,good afternoon bbq are you perchance not busy rn
niltheoverkill,wait nvm it‚Äôs 1 am for me i should probably sleep
peachyqiss,LMAO what‚Äôs up
niltheoverkill,I was just going to say let‚Äôs do the student hub
peachyqiss,"I was going to earlier today, but I know you said you wanted to talk about it at the meeting. Do you want to do it and then talk about its effectiveness at the meeting or do you just wanna wait to implement it till after?"
peachyqiss,sorry this is full of being all serious grammar. I‚Äôm using text to speech.
peachyqiss,Speech to text
peachyqiss,You know what I mean
niltheoverkill,I noticed and me too ha ha ha ha ha ha
peachyqiss,I‚Äôm driving LMAO
niltheoverkill,"Yeah, it can wait until the meeting that‚Äôs fine"
niltheoverkill,GO DRIVE BYE STAY SAFE
peachyqiss,IM PARKED NOW
niltheoverkill,Are you kidding me
peachyqiss,no
niltheoverkill,NAHXSHHCHHSHCJSHHC
niltheoverkill,Ur an insane one
peachyqiss,LMAO IM PARKED FYM
peachyqiss,IM SAFW
niltheoverkill,Nothing üòò
peachyqiss,SAFE*
niltheoverkill,Stay safe üñêÔ∏è
niltheoverkill,Pls we need u
peachyqiss,HAHAHA you too pook üë©‚Äç‚ù§Ô∏è‚Äçüíã‚Äçüë©
niltheoverkill,Answer to ur question yes
peachyqiss,now SLEEP
niltheoverkill,Yes maam
peachyqiss,GOD IS GOOD
peachyqiss,this was the 75 that i requested for a regrade
niltheoverkill,Oh hell yeah
niltheoverkill,Wb the other 1
peachyqiss,WHY AR EYOU AWAKE
niltheoverkill,I fell
peachyqiss,what
peachyqiss,are you okay
niltheoverkill,Yeah but i cant sleep rn bc i need to process my fall HAHAHAHAH
peachyqiss,LMFAOO
peachyqiss,it gave you some epiphanies
niltheoverkill,And adrenaline ig
niltheoverkill,Yeah
peachyqiss,so like
peachyqiss,they said they had to open a case to investigate the AI thing
peachyqiss,but they looked at my other errors and changed my grade
peachyqiss,from a 15
peachyqiss,to a 20
niltheoverkill,Wow (!)
peachyqiss,üòê
peachyqiss,do you see how happy i am
niltheoverkill,This just goes to show that grades don‚Äôt mean nothing and they‚Äôre useless with the meaning behind them
niltheoverkill,"If you said nothing about it, this would‚Äôve stayed as is and just imagine how many students are out there with grades below 70"
niltheoverkill,Absolute garbage of a system
peachyqiss,yeah fuck canadians
peachyqiss,notice how we have no canadian staff
peachyqiss,segregation
niltheoverkill,WHAT DID CANADIANS EVER DO TO YOU
peachyqiss,THEYRE MY PROFESSORS
niltheoverkill,ROUGWDUOFWUOGFGUWRHUWDFHUWDHUF WTF
peachyqiss,FOR THIS CLASS
niltheoverkill,OH SDJKNCWDNJKDSFJHSFDJHOWHJDVO
peachyqiss,HAHAHAHAHA
peachyqiss,JOKES JOKES JOKES
peachyqiss,i like canadians
peachyqiss,except these ones
niltheoverkill,RACIST (GOOD AT RACING) !!!
peachyqiss,AMEN BROTHER
niltheoverkill,RUTHIE UR SO CUTE HAZHHAHHAHHS
peachyqiss,NOOO STOP
niltheoverkill,Ruthie they‚Äôre so good
niltheoverkill,I can cross ‚Äúgo to a black church‚Äù off of my ‚Äúto-do before dying‚Äù list
niltheoverkill,This counts
peachyqiss,HAHAHAHA
peachyqiss,it counts for sure
peachyqiss,a black church isn‚Äôt a place
peachyqiss,it‚Äôs an experience
niltheoverkill,Yess
niltheoverkill,And like
niltheoverkill,FOR FREE???
niltheoverkill,Insane
niltheoverkill,INSANE
peachyqiss,HAHAHAHA
peachyqiss,IKKK
peachyqiss,send more vids
peachyqiss,to your hearts content
niltheoverkill,Omg will i
niltheoverkill,WILL I
niltheoverkill,WILL I EVER
peachyqiss,DUDE
peachyqiss,HAHAHAHAHAHAA
peachyqiss,HAHAHAHAHAHAAA
peachyqiss,i dmed her SHES CRYINGGG
niltheoverkill,SLFHGLJSDHGRHGUIRUKHESOIFHSDLFHDKLHKLAHF
niltheoverkill,IM SHITTING MY PANTS
peachyqiss,HAHAHAHAHAHAAAA
niltheoverkill,i think i need a role or something to show that im coowner
niltheoverkill,to get verified in that server btw
niltheoverkill,ASKDHASKJDHEWOIRUEIWRUIOGHJKLDSNLDSFEWHIOPEWHFIOEF RUTHIE DSFIGHUWOESILFRSHGUEISFLDK≈û
niltheoverkill,These ppl are ducking stupid
niltheoverkill,They‚Äôre so bad bro
niltheoverkill,I cant believe this is the last thing i did before turning on airplane mode
niltheoverkill,They would rather allow servers that have robux payments
niltheoverkill,Insanity
peachyqiss,what üò≠
peachyqiss,okay i talked to them and one of them said if they joined and took a look around they‚Äôd change their mind which is fine
peachyqiss,i just told them they had to verify like everyone else
niltheoverkill,i said the EXACT same thing
niltheoverkill,caught in 4k
niltheoverkill,?
niltheoverkill,these people justify bringing back the R-word
niltheoverkill,also can you check rules
peachyqiss,REAL
peachyqiss,ours?
niltheoverkill,this is just mental
niltheoverkill,yea
niltheoverkill,yea
peachyqiss,it eats
peachyqiss,did you change the alt rule
niltheoverkill,yes
niltheoverkill,check
peachyqiss,word
peachyqiss,yeah it looks good
niltheoverkill,3.3
peachyqiss,they said you could rejoin and they'll verify you!
niltheoverkill,Merry christmas :heartt:
peachyqiss,merry christmas nil <3
niltheoverkill,hey
niltheoverkill,everything alright?
niltheoverkill,havent seen you in a while
niltheoverkill,i havent seen anyone from the server in a while but thats besides the point lol
peachyqiss,"yeah, i‚Äôm sorry i haven‚Äôt been active, idk life has gotten really rough and i just got back to school so im trying to figure out my new routine"
peachyqiss,"i‚Äôm sorry about last week‚Äôs reset btw, i totally passed tf out"
niltheoverkill,hey i didnt write to ask about an apology im just wondering where my friend was
peachyqiss,all of the staff after new years ^
niltheoverkill,all good no worries
niltheoverkill,this is very true
peachyqiss,nono i know ive just been meaning to say it
niltheoverkill,nobody even saw the event yesterday AHAHAHA look at this message hold up
peachyqiss,i saw it from a notif on my phone and was a little surprised but i think that‚Äôs just bc it was just scheduled and we didn‚Äôt really talk about it
peachyqiss,i doubt if we brought it up anyone would respond üò≠
peachyqiss,jokes
peachyqiss,i think everyone is getting back into their schedule
niltheoverkill,i've been trying to ask everyones opinions before doing things but i just started doing tbh bc noone is responding
niltheoverkill,but i understand everyones busy
peachyqiss,"yeah i‚Äôm totally fine w that, i noticed we missed deadlines for opinions on things and ended up not doing an event bc people wouldn‚Äôt respond"
niltheoverkill,"including me, im just busy with the server and active bc i have exams"
niltheoverkill,yeah fair
niltheoverkill,show your face around sometime cutie pie
peachyqiss,"lolol don‚Äôt worry i‚Äôm going to be active in the next few days, i have some homework finally"
niltheoverkill,GOOD good
peachyqiss,i just have basketball games and other club events so i‚Äôm not on when a lot of people are üò≠
niltheoverkill,not the homework though ü§Æ
niltheoverkill,yeah i can assume the amount of time they consume
peachyqiss,it‚Äôs all intro homework for a class i took in high school so it‚Äôs all super basic
peachyqiss,it‚Äôs lowkey fun bc i feel smart
niltheoverkill,KJAHDKJHASDHASH
niltheoverkill,real
niltheoverkill,me in my python class
peachyqiss,REAL
niltheoverkill,the inability to hold a grin inside bc you are internally smiling and giggling n shit is unreal
niltheoverkill,reyna applied to be a bot dev at the discord developers server
niltheoverkill,you didnt hear this from me
niltheoverkill,and we didnt have this conversation
peachyqiss,WHAT
peachyqiss,LMAO
peachyqiss,i hope she nukes them too
peachyqiss,what if we told them
peachyqiss,ü•¥
peachyqiss,wait how did you find out
niltheoverkill,I am not at discretion to tell
niltheoverkill,But lets say some lovely gentleman reached out to me
peachyqiss,OMG someone reached out to me too
niltheoverkill,Show show
niltheoverkill,is it someone named Key
peachyqiss,yeah
peachyqiss,he deleted the message tho
peachyqiss,it was a message req
niltheoverkill,I texted him thats why
peachyqiss,ohh got it
niltheoverkill,with PROOF
peachyqiss,SHITTT
niltheoverkill,if you have anything to add please go ahead
peachyqiss,who is this guy üò≠üò≠
niltheoverkill,bot dev at study together
niltheoverkill,sorry* study together here
peachyqiss,got it
peachyqiss,he‚Äôs refusing to talk to me bc he‚Äôs already talking to you üò≠
peachyqiss,i‚Äôm just gonna play dumb
niltheoverkill,Yeah i told him everything
niltheoverkill,we are texting rn
peachyqiss,can you send screenshots of yalls convo so i can read
niltheoverkill,aww my heart
peachyqiss,awwww
niltheoverkill,I cant but i can screenshare
peachyqiss,i‚Äôm in class give me 20
niltheoverkill,Join planetarium when ur free no worries
peachyqiss,HAHAHAHA
niltheoverkill,FUCK YOU FOR THE CLIFFHANGER HASJDHASJKDHA
niltheoverkill,but love you <3 drive safe
peachyqiss,WHOOPS!
peachyqiss,love you too bae <3
peachyqiss,MWAH
niltheoverkill,hey
peachyqiss,UGH
peachyqiss,i hate nitro
niltheoverkill,same
niltheoverkill,hows ur probability skills
peachyqiss,mid
peachyqiss,why
niltheoverkill,i have a probability exam tomorrow and a question is eating me alive
niltheoverkill,there are no answers and the question isnt anywhere online
peachyqiss,oh shit
peachyqiss,you can show it to me i'll try to figure it out
niltheoverkill,how good are you with poission distribution
niltheoverkill,im already confused i wouldnt wanna get even more confused
peachyqiss,im not gonna lie what the fuck is poission
peachyqiss,LMFAO
peachyqiss,i know very basic probability
niltheoverkill,alr it's been real we are so failing
niltheoverkill,alr then
peachyqiss,we dont have a specific class for it in engineering
niltheoverkill,yeaaah fair
niltheoverkill,we have this small probability course
niltheoverkill,so detailed for no fucking reason
niltheoverkill,thanks anyway btw
niltheoverkill,should we cancel the western reset and just combine the two in one singular event
niltheoverkill,it's been dead for like 2 months
niltheoverkill,for eternity actually but we dont talk about that
peachyqiss,REAL i wasnt gonna bring it up buttt.....
peachyqiss,the only issue is the time i think
peachyqiss,if we could do more like
peachyqiss,12-3pm CST i think that could work for a lot of westerners
peachyqiss,it'll be 10am for the west coast and 1pm for the easat
peachyqiss,east*
peachyqiss,i just dont want to make it too late for the east
niltheoverkill,would that be moving it forward or backward
niltheoverkill,4 hours backward?
niltheoverkill,im gonna just
niltheoverkill,end the event and move to cam2
niltheoverkill,theres like 2 people online total lol
peachyqiss,LMFAO okay
peachyqiss,</3
peachyqiss,yeah thats what i had to do with the last few and then i gradually started forgetting to even start it
niltheoverkill,honestly fair
niltheoverkill,i know that it has been always the lesser of the two events
niltheoverkill,?
niltheoverkill,i just realized you shared the link for the eastern one HAHAHADHASD
niltheoverkill,IF we were to merge the two events
peachyqiss,FUCK
peachyqiss,backward yeah
peachyqiss,sorry i took a shower
niltheoverkill,without me ü•∫  üëâ üëà ??
niltheoverkill,disgusting im actually gonna kms
peachyqiss,HAHAHAHAHA
niltheoverkill,we could try it out but i dont think the timing is the issue
peachyqiss,next time wife
peachyqiss,nono like i mean the only issue would be timing IF we changed it
peachyqiss,right now i just think the server isn‚Äôt very active in the west
niltheoverkill,yeah
peachyqiss,i‚Äôm definitely in favor of changing
niltheoverkill,yeah thats what i was trying to say
niltheoverkill,im sorry its like 1 am and im gonna pull an all nighter
niltheoverkill,english moments will happen occasionally
peachyqiss,LMAO
peachyqiss,real
peachyqiss,nil.
peachyqiss,nil.
niltheoverkill,whats wrong
peachyqiss,i‚Äôm so disappointed
niltheoverkill,WHATTT
peachyqiss,FAT JUICY AND WET
niltheoverkill,YEAH AND??
peachyqiss,THAT SONG IS ASSSSSS
niltheoverkill,it is but IT'S STUCK IN MY HEAD
peachyqiss,you could‚Äôve picked ANY OTHER BRUNO SONG
niltheoverkill,i hate sexyy red bro i know
niltheoverkill,I KNOW
peachyqiss,HAHAHAHA
niltheoverkill,ok let me PLEASE YOU random person on the internet
peachyqiss,RANDOM PERSON
peachyqiss,üíî
peachyqiss,i thought we were more than that
peachyqiss,cancelling my rome trip
niltheoverkill,ASKJDHASKJDHJKSA
niltheoverkill,we're just floating on a dot in the universe bro
peachyqiss,good morning from america btw
niltheoverkill,good morning north dakota
peachyqiss,don‚Äôt get me started
peachyqiss,NORTH DAKOTA
niltheoverkill,i ran out of M state LMFAOOOOOOOO
peachyqiss,out of all the states i‚Äôm surprised you know that one
peachyqiss,even i forget about it
niltheoverkill,i know all of em bro
peachyqiss,i think people who live there forget about it
niltheoverkill,ASJDHKJASHDKAS√ñHSAD
niltheoverkill,so real
peachyqiss,dude my friend/future roommate had to educate me on other countries i felt so american
peachyqiss,i didn‚Äôt know other countries had states üò≠
niltheoverkill,they dont
peachyqiss,bc they‚Äôre so much smaller i just assumed they had little regions yk
peachyqiss,YES THEY DO
peachyqiss,they‚Äôre just named different
niltheoverkill,there are regions
peachyqiss,that‚Äôs what italy calls them
peachyqiss,but like germany has states i think
peachyqiss,and there‚Äôs provinces and stuff
niltheoverkill,but i have never seen any region operate so much differently than eachotehr you guys have states and they are almost their own countries
niltheoverkill,different laws n shit
niltheoverkill,well yeah but they are just labels
peachyqiss,but like
peachyqiss,i didn‚Äôt know they had that
peachyqiss,i thought it was just NA üò≠
niltheoverkill,if you need a geo lesson hmu
peachyqiss,bc we‚Äôre big
peachyqiss,lowkey
niltheoverkill,we should move the western sunday reset
niltheoverkill,we said 3-4 hours before?
peachyqiss,yeah
niltheoverkill,definitely moving after this one
peachyqiss,i‚Äôll draft the announcement one i‚Äôm home
niltheoverkill,no worries i got it
niltheoverkill,what do you wanna write
peachyqiss,i‚Äôve been busy with my new kid
niltheoverkill,OMG WHAT?? DORM CAT???
peachyqiss,YESSS
peachyqiss,MY SON
peachyqiss,perfect!!
niltheoverkill,you need to do
niltheoverkill,-Girls Only Staff
niltheoverkill,for it to now show up as a bullet point
niltheoverkill,no space between - and G
peachyqiss,yeah i realized üòî i just hate the (edited) more than anything
niltheoverkill,NO WAY ME TOO
niltheoverkill,DUDE KAJSHDJKSAHADS
niltheoverkill,i hate editing announcements so much
niltheoverkill,like a normal message?
niltheoverkill,thats fine
niltheoverkill,BUT AN ANNOUNCEMENT
niltheoverkill,:ElmoFire:
peachyqiss,RIGHT
niltheoverkill,RUTH BARNETT ARE YOU ACTUALLY COMING
peachyqiss,TO ITALY?
peachyqiss,YES
niltheoverkill,WHICH CITY MF
niltheoverkill,BRO WENT TO GOOGLE MAPS
niltheoverkill,ü§ì
peachyqiss,ROME
peachyqiss,AND FLORENCE
niltheoverkill,DAMNNNN
niltheoverkill,DUDE I HOPE IT'S FLORENCE FOR YOUR SAKE
peachyqiss,WHY
niltheoverkill,ITS THE SMACK DAB MIDDLE OF ITALY HAHAJDSHAD
niltheoverkill,YOU CAN GO ANYWHERE
peachyqiss,OHHHH
niltheoverkill,but in terms of academics ofc i hope the best uni
peachyqiss,"the program location thing says florence but its called ""engineering mechanics in rome"""
niltheoverkill,daFuq
peachyqiss,its actually gonna be taught by my university staff
peachyqiss,so its not likea  foreign exchange thing
niltheoverkill,solid so location doesnt matter
peachyqiss,right
niltheoverkill,in terms of uni
niltheoverkill,gotcha
peachyqiss,so we get to travel all across italy while we learn
niltheoverkill,fantastic
niltheoverkill,when do you move and how is accomodation done
peachyqiss,and i get free days so we can hang out and travel
niltheoverkill,ah AH lovely
peachyqiss,i leave on 31 june
peachyqiss,and come back on 1 aug
niltheoverkill,omg amazing im here in july even though im gonna be sweating my ass off to graduate LOL
niltheoverkill,we'll defo see eachother
niltheoverkill,when everything is like
niltheoverkill,determined determined
niltheoverkill,lmk
peachyqiss,i definitely will
niltheoverkill,im so excited bro
niltheoverkill,you got me giggling n shit
niltheoverkill,Im doing a windows reset
niltheoverkill,And im so scared
niltheoverkill,For WHAT? I backed up the important shit idek what im scared about
niltheoverkill,I will be losing all my discord settings though üò¨
peachyqiss,like keybinds and stuff?
niltheoverkill,Yeah i dont really care about those ig
niltheoverkill,OH SHOOT my MINECRAFT WORLDS
peachyqiss,OH NO
peachyqiss,wait why are you doing a reset anyways
niltheoverkill,Im still in the backup phase we‚Äôre goood
niltheoverkill,There is a very specific issue with my WebCam and I have had two phone calls with customer support and I have spent hours on Reddit and different forms but nothing seems to be the solution but we know for a fact that is driver related and I have gotten multiple suggestions about doing the windows reset and I figured since my second semester starts on Wednesday this is the perfect time to do it
niltheoverkill,"Bit of a long explanation, but this is the Lore behind it"
peachyqiss,damn
peachyqiss,usually to reinstall a driver you don‚Äôt have to do a reset
niltheoverkill,"Yeah, we did everything you could imagine probably"
niltheoverkill,Did that multiple times
niltheoverkill,Bios resets
niltheoverkill,Something called a static discharge that I didn‚Äôt even know existed
peachyqiss,jeez
peachyqiss,good luck queen üòî
niltheoverkill,I have so many video call meetings that I just cannot live like this so I‚Äôm done
niltheoverkill,Thanks babes
peachyqiss,right no i get it
niltheoverkill,"Also for your information, I have officially started the process to apply for a masters in the US"
niltheoverkill,"I have a professional coach that is going to help me through it and if I get in, I‚Äôm starting in the 2026 2027 academic year"
peachyqiss,YAYYYYY
peachyqiss,what uni?
niltheoverkill,Super excited honestly
niltheoverkill,Thats the thing idk yet
niltheoverkill,The usual probably I‚Äôm going to apply to about 20 places maybe a little less maybe a little more
niltheoverkill,As one does
peachyqiss,oh damn that‚Äôs gonna be expensive
niltheoverkill,I am very aware yes
niltheoverkill,And the coaching wasn‚Äôt cheap either
niltheoverkill,"But if I can secure a scholarship, which is much easier to get in the masters degree, I will be more than happy to spend all of this money in this process applying and getting coaching"
niltheoverkill,"Also, this is basically me putting my foot into the US and if I get a job offer, I‚Äôm staying there you know?"
peachyqiss,yeah i get you
niltheoverkill,Idc bout no trumppp immigration babyyyyyy
niltheoverkill,No this is more ‚ú®brain drain‚ú®
peachyqiss,trump can‚Äôt stop a turk on a grind
niltheoverkill,üòé
niltheoverkill,Hows the major change treating you
niltheoverkill,It‚Äôs not a MAJOR change i hope
peachyqiss,LMFAO
peachyqiss,i haven‚Äôt committed yet
peachyqiss,but it‚Äôs getting more and more appealing idk
niltheoverkill,I‚Äôm sure you will rely on your sixth sense to make a good decision
niltheoverkill,"Once you think about it, it can virtually never leave your mind so you‚Äôre gonna be constantly thinking about it even if you don‚Äôt commit in the end"
peachyqiss,true
peachyqiss,"i think i‚Äôm going to do it, i just have to commit by april"
niltheoverkill,"Oh, you have tons of time"
niltheoverkill,I think you will have made your mind like 100% by then definitely
peachyqiss,yeah for sure
peachyqiss,especially if i get more advising on it
niltheoverkill,You guys have people that you can talk to about this at your university right?
niltheoverkill,I don‚Äôt even know what they‚Äôre called that shows how they dont exist here LOL
peachyqiss,LOL yes we do
peachyqiss,"we have a career center which is the unbiased place to go, and then there are advisors for each major"
niltheoverkill,Oh that sounds lovely
peachyqiss,it really is
peachyqiss,i‚Äôm surprised yall don‚Äôt have that
niltheoverkill,"Think of Europe as like a place with human rights, but like 50% of the time"
niltheoverkill,And Italy make that 25%
niltheoverkill,I had an issue with a professor and I tried to email like an ethics committee or something and it‚Äôs been a week and I still haven‚Äôt gotten a response
peachyqiss,oh shit
niltheoverkill,Yeah anyways SUPER STOKED FOR YOU TO COME
niltheoverkill,HAHAAHHAHAHAH
niltheoverkill,Food is good and the history is good Those two are the only things about this place that I like honestly
peachyqiss,LMFAOO sounds about right
niltheoverkill,"By the way when you come, it‚Äôs gonna be extremely hot so come prepared"
peachyqiss,like how hot
niltheoverkill,"I don‚Äôt know how hot it is where you live, but I‚Äôm assuming not this much"
peachyqiss,a typical summer for me is 95-100 degrees
peachyqiss,F
niltheoverkill,I genuinely don‚Äôt know how to describe it other than saying that I almost passed out once
peachyqiss,let me make that into celsius hold on
niltheoverkill,"It‚Äôs not too hot in general, but like the humidity is super high"
niltheoverkill,And the fact that there is no AC in most places makes it worse
peachyqiss,35-38 degrees C
niltheoverkill,"Yeah, a bit more"
peachyqiss,yeah that‚Äôs probably gonna be the worst part
niltheoverkill,Even if it‚Äôs like 30¬∞ out the fact that there‚Äôs no air conditioning and the fact that the humidity is high I think it makes it unbearable
peachyqiss,yeah
niltheoverkill,"If you said 40¬∞C with air-conditioning or 30¬∞C with no air conditioning, you know which one I‚Äôm gonna pick"
peachyqiss,i can handle humidity (i live by an ocean) it just sucks a ton üò≠
peachyqiss,damn right
niltheoverkill,That‚Äôs good then you probably have appropriate clothing for the weather as well
niltheoverkill,"When I first came here, I didn‚Äôt"
peachyqiss,yeah lots of tanks and shorts
peachyqiss,basically bathing suits for clothes lol
niltheoverkill,HAHAHA real
niltheoverkill,Hope you have a strong raincoat though
peachyqiss,LOL i do
niltheoverkill,Last thing you want is rain water getting down between your ass cheeks
niltheoverkill,Definitely never happened to me. I would never let that happen.
peachyqiss,HAHAHAHA
niltheoverkill,What are we talking about. Never heard of this concept before.
peachyqiss,oh also
peachyqiss,undefeated
peachyqiss,unrelated¬£
peachyqiss,
peachyqiss,but i thought id update you again
peachyqiss,bf and i are on a break again
peachyqiss,üôÉ
peachyqiss,and it‚Äôs our anniversary today
niltheoverkill,Can i
peachyqiss,üôÉüôÉüôÉ
niltheoverkill,Can i meet this guy
niltheoverkill,Just to talk
peachyqiss,LMAO no
niltheoverkill,No throwing of hands
niltheoverkill,Definitely not
niltheoverkill,I am definitely not a brown belt in karate
peachyqiss,LMFAOO
peachyqiss,not to brag but uh üòè i was an orange belt üôÇ‚Äç‚ÜïÔ∏è
peachyqiss,LMFAO
niltheoverkill,HAHAHAHAHHAA DAMNNN GURL
peachyqiss,IKKKK it‚Äôs so high right
niltheoverkill,Extremely
peachyqiss,(i did karate for a year then never did it again)
niltheoverkill,So close to brown in terms of color so it has to be right
peachyqiss,EXACTLY
peachyqiss,see you get it
niltheoverkill,That‚Äôs how it works yeah
niltheoverkill,Exactly
niltheoverkill,I feel u
peachyqiss,i never understood why it wasn‚Äôt in ROYGBIV order tho
peachyqiss,like i understand green blue purple brown black
peachyqiss,but why does it go white yellow orange
niltheoverkill,I don‚Äôt know that makes sense to me That‚Äôs how my colored pencils were ordered i guess
peachyqiss,WHAT really??
niltheoverkill,Yeah??
peachyqiss,oh weird
niltheoverkill,damn i litewally watched the pfp change
peachyqiss,HAHAHAHAHA
niltheoverkill,fancy seeing you here madam
peachyqiss,im an early bird today gorgeous
niltheoverkill,i noticed isnt it 9 am
peachyqiss,i couldnt stand the thought of not seeing you
peachyqiss,yeahh
peachyqiss,im in the engineering laboratories
niltheoverkill,are you in a
niltheoverkill,ok
niltheoverkill,yeah
niltheoverkill,that settles it
peachyqiss,we're doing static testing on out rocket today
peachyqiss,our*
peachyqiss,so im here
niltheoverkill,hmm little miss nasa
peachyqiss,i have two guys next to me drilling holes in part of it
niltheoverkill,well good luck
peachyqiss,im girlbossing over here
niltheoverkill,:blushed:
peachyqiss,thank you beautiful üë©‚Äç‚ù§Ô∏è‚Äçüíã‚Äçüë©
peachyqiss,good luck to you too
niltheoverkill,keep on slaying
niltheoverkill,can u kick nisan out of the staff server
peachyqiss,yeah
peachyqiss,OMGGG
peachyqiss,YES OFC I‚ÄôLL ACT SURPRISED
niltheoverkill,HAHAHAAHAHHAHAH
niltheoverkill,PLAY ALONG PLAY ALONG MARS THINKS IM KEEPING IT HUSH HUSH
niltheoverkill,I ONLY TOLD U THO
peachyqiss,OKOKOK
peachyqiss,ALSO
peachyqiss,WE NEED TO MAKE A TRAVEL LIST FOR JULY
niltheoverkill,yes WE DO
niltheoverkill,I'm still waiting on an application result and if yes I'm going to be missing for half of July
niltheoverkill,My exam schedule is undetermined but I shouuuld have two exams per week and no more
peachyqiss,okok
peachyqiss,would it be the first or second half of july
niltheoverkill,I'll defo make a list tho
peachyqiss,bc the jubilee of young adults is on july 28 and i want to go
niltheoverkill,exams would be first half of july
niltheoverkill,ohhhhhhhhhh gotcha
niltheoverkill,Honestly by that time I'll probably either be in Turkey or in that camp that I applied to (you should go with christians anyway)
peachyqiss,catholic and the rest of christianity of so different
peachyqiss,it‚Äôs like a whole different thing
peachyqiss,LMFAO
peachyqiss,i‚Äôm just going as a tourist
niltheoverkill,dude YEAH the orthodoxs' are sooooooo different it's almost as if it's a different religion
peachyqiss,it basically is
peachyqiss,SAD
niltheoverkill,same with different muslim sect(?)s
peachyqiss,i think the full week i have off will be that last week of july
niltheoverkill,ahh that sounds bangin
niltheoverkill,if i get rejected from the camp...
niltheoverkill,ALJSDAJDASKLD≈ûASKADS
peachyqiss,HAHAHAHAHA
peachyqiss,DONT DONT
peachyqiss,we can always hang on weekends
niltheoverkill,im super excited tho it's in poland and 9 days long for only 60 euros
niltheoverkill,can u believe that
peachyqiss,OOOOO
peachyqiss,wait that‚Äôs amazing
niltheoverkill,and it's about data science
niltheoverkill,"which, i wanna do a masters in"
peachyqiss,is that what you‚Äôre coming to the us for
peachyqiss,also have you heard back from grad schools?
niltheoverkill,hopefully
niltheoverkill,didnt apply this cycle
niltheoverkill,gonna apply on the next one
peachyqiss,ohhh okok
niltheoverkill,but with the state of us rn
niltheoverkill,üò¨
peachyqiss,yeahh‚Ä¶..
niltheoverkill,I've heard of universities telling students not to travel to their home countries because they might not be able to come back
niltheoverkill,This is why I am strongly thinking of going northern Europe instead of the US right now
peachyqiss,yeah my friend is going home to the philippines and he‚Äôs scared he‚Äôs not going to be able to come back
niltheoverkill,Like switzerland or maybe UK would work for me
niltheoverkill,YEAH
niltheoverkill,and IT'S NOT AN IRRATIONAL FEAR
niltheoverkill,They are detaining full blown citizens and legal residents
peachyqiss,i saw that
peachyqiss,and putting them in el salvador of all places ???
niltheoverkill,talk about a human rights violation...
peachyqiss,its so sad
peachyqiss,i wish politicians wouldn‚Äôt play games with people‚Äôs lives
niltheoverkill,the worst time to be apolitic
niltheoverkill,bc it even affects that stray cat on the street's life
niltheoverkill,ruthie?
niltheoverkill,pookie are you up
peachyqiss,THATS SO SICK
niltheoverkill,would you be able to scan the rules let me know what catches your eye
peachyqiss,yes i can rq!
peachyqiss,staff or main?
niltheoverkill,staff
niltheoverkill,skip core values
niltheoverkill,will save u time
peachyqiss,i like it a lot
peachyqiss,it covers everything
niltheoverkill,perfect
niltheoverkill,i thought you'd make it here atleast before the pope died but
niltheoverkill,we just got the news a couple minutes ago dude's dead af
peachyqiss,bro
peachyqiss,what
niltheoverkill,he ded
niltheoverkill,"My mom called me and said "" He died on Easter Monday so does this mean that their religion is the right one i'm so confused"" and the way i laughed"
peachyqiss,LMAO
peachyqiss,jesus
peachyqiss,yeah he died right after meeting with our vp
peachyqiss,coincidence? i think not
niltheoverkill,No but seriously he was probably the most progressive pope there was and he did the most in my humble opinion
peachyqiss,he did
niltheoverkill,YEEEES The whole world is talking about this
peachyqiss,i was really hoping to go to jubilee when he was alive
niltheoverkill,Yeah I was thinking either Mars or you would make it but unfortunately
niltheoverkill,But like this has been in the back of my head for a while and I was thinking this is going to happen in 2025 and it did happen
peachyqiss,yeahh i was praying it wouldnt but i had a feeling
niltheoverkill,this is a weird ahh year
niltheoverkill,bru you did not just hop on fortnite my guy
peachyqiss,DONT LOOK
niltheoverkill,HAHASJDHASJKDFEWKA
niltheoverkill,im literally watching code run and idk which is worse fortnite or watching code run
peachyqiss,LMFAO what code is it?
niltheoverkill,Every single scientific journal article conference paper published between 1959 and 2025 that is in the field of computer science
niltheoverkill,I'm running each year manually and each year is getting exponentially bigger in terms of file size so right now I'm running for 2014 and it has been more than 15 minutes
niltheoverkill,so yeah
niltheoverkill,good shit
peachyqiss,OH????
peachyqiss,why ?????
niltheoverkill,bc my ass thought attending a scientific paper competition and only having one month to write the paper was a good idea
peachyqiss,LMFAO
peachyqiss,that‚Äôs so real
peachyqiss,it‚Äôs okay
peachyqiss,you got this
niltheoverkill,hope so ü§û
niltheoverkill,i signed up so dont think theres a coming back from this
niltheoverkill,Ruthie
niltheoverkill,Could you fill out a form for one of my classes
peachyqiss,nil
peachyqiss,yeah
niltheoverkill,CiboCompass ‚Äì Understanding Your Food Experience in Italy Help us design a better food discovery app for international students in Italy! This short survey takes about 5 minutes. Note: All responses are anonymous and confidential.
niltheoverkill,say that ur in italy for
niltheoverkill,0-3 months
niltheoverkill,the rest you can fill accurately
peachyqiss,okok
peachyqiss,isn‚Äôt it about
peachyqiss,italian food tho
niltheoverkill,we need 100 responses im sweating my ass rn
peachyqiss,LMAO okokok
niltheoverkill,yea it doesnt matter tho
niltheoverkill,"""Less than 1 month"""
niltheoverkill,that works
peachyqiss,LOLOL
peachyqiss,‚Äúi haven‚Äôt been‚Äù
peachyqiss,is that okay
peachyqiss,or should i lie
niltheoverkill,when was the last time you ate at olive garden
peachyqiss,like almost a year ago
niltheoverkill,oof
peachyqiss,i went to an italian hole in the wall in march
niltheoverkill,say a month ago or sum bru üò≠
peachyqiss,okok
niltheoverkill,aight yea that works
peachyqiss,tadaaaaa
niltheoverkill,thank you
niltheoverkill,we're at like 40 responses
peachyqiss,oh shit
peachyqiss,laras just texted me
peachyqiss,this whole thing
niltheoverkill,uh oh
niltheoverkill,whats happening
peachyqiss,she‚Äôs having a panic attack i think
peachyqiss,there‚Äôs a lot
peachyqiss,don‚Äôt tell her
peachyqiss,i‚Äôm handling it
niltheoverkill,i would never
peachyqiss,but yeah that‚Äôs what‚Äôs going on
niltheoverkill,if u need help lmk
niltheoverkill,i might see reyna in may
peachyqiss,WHAT
niltheoverkill,mf applied for the same event im going to
peachyqiss,ewwww
peachyqiss,oh also
peachyqiss,are we still doing staff meeting today?
niltheoverkill,nobody is online
niltheoverkill,i mean we should but are we going to is the question
peachyqiss,AHHHHH
peachyqiss,i just @ed westerner
niltheoverkill,can you and i talk and discuss who we should have for eastern staff
niltheoverkill,i have a couple things to tell u
peachyqiss,yes
niltheoverkill,Are u free now
peachyqiss,yeah i‚Äôm free
peachyqiss,i‚Äôm putting on clothes
niltheoverkill,oh
niltheoverkill,oh
niltheoverkill,Started a call that lasted 41 minutes.
peachyqiss,HAHAHAHAHHA
peachyqiss,maam
peachyqiss,hypothetically
peachyqiss,if you were to actually have that youtube family spot
peachyqiss,.......
peachyqiss,hypothetically ofc
niltheoverkill,my dad is the manager
niltheoverkill,i asked him
peachyqiss,HUZZAH
niltheoverkill,i would just need ur gmail
peachyqiss,YAYYYY
peachyqiss,okok
peachyqiss,ruthie.barnett13@gmail.com
peachyqiss,i couldnt do it
peachyqiss,i called my friend to yap while i worked
peachyqiss,LMFAO
peachyqiss,it helps idlk
peachyqiss,i have too much energy
niltheoverkill,well yeah u had chocolate covered animal crackers at like 10 am
niltheoverkill,are you surprised
peachyqiss,true
peachyqiss,i'll be back soon
peachyqiss,i just need to yap
peachyqiss,i'm making more progress on my paper than earlier tho
peachyqiss,1/8 done
niltheoverkill,hey ruthie
niltheoverkill,quick question
niltheoverkill,would u happen to have keep talking and nobody explodes on steam
peachyqiss,i can get it
niltheoverkill,no no i was just asking
niltheoverkill,ty tho
niltheoverkill,<3
niltheoverkill,good to know i got a sugar mama
niltheoverkill,Hey
niltheoverkill,Are you up
niltheoverkill,I have a surprise for you
peachyqiss,yes
niltheoverkill,Facetime?
peachyqiss,in class
peachyqiss,give me 20?
niltheoverkill,Sure
niltheoverkill,Mars is here thats why
peachyqiss,OH
peachyqiss,OH
peachyqiss,OH
peachyqiss,WHAT
niltheoverkill,Also idk if u talked to jazz at all but she is going thru sth insane rn so we can hire another western staff
niltheoverkill,And shoot a message wishing her well if u want
peachyqiss,me when i forgot you wanteed to ft
niltheoverkill,yo
niltheoverkill,check ticket 1738
niltheoverkill,ARE YOU PLAYING SONIC ASJDHJHASD
peachyqiss,YES
niltheoverkill,wdym 2 hours ago mf you are supposed to be fast asleep rn peachyqiss Minecraft
peachyqiss,‚Ä¶.whoops
peachyqiss,i just woke up
peachyqiss,kms
niltheoverkill,Gm sunshine üåû
peachyqiss,GOOD MORNINGGGG
niltheoverkill,no u did not watch the movie bro
niltheoverkill,üíÄ
niltheoverkill,üò≠
peachyqiss,HHAHAHAHAHHAA
peachyqiss,i've seen it like 3 times im ngl
niltheoverkill,ruthie
niltheoverkill,this is gonna sound very weird and malicious but
niltheoverkill,can you transfer the server ownership to me
niltheoverkill,i wanna test sth
niltheoverkill,and then i'll give it back ofc
peachyqiss,oh????
peachyqiss,yeah that‚Äôs fine
niltheoverkill,alright perf
peachyqiss,me when i forgot
peachyqiss,are you free now
niltheoverkill,hosting reset
niltheoverkill,whats up
niltheoverkill,oh are you asking bc u need me to transfer
peachyqiss,yes
peachyqiss,i‚Äôll transfer rq
peachyqiss,okay
peachyqiss,you‚Äôre good
peachyqiss,what are you testing?
niltheoverkill,oh sweet i didnt have to do shit
niltheoverkill,just the way i like it
peachyqiss,LMFAO
niltheoverkill,bot stuff
peachyqiss,thank you gorgeous
niltheoverkill,im not doing it like right now right now tho
peachyqiss,all good! just lmk when you‚Äôre done so you can transfer back
niltheoverkill,mf does NOT trust me
niltheoverkill,fair
niltheoverkill,i wouldnt trust me too
niltheoverkill,ü§™
peachyqiss,LMFAO I DO TF??
peachyqiss,if i didn‚Äôt i wouldn‚Äôt have given it to you
niltheoverkill,yo
niltheoverkill,you on mc?
peachyqiss,ya
niltheoverkill,well so am i mf
niltheoverkill,what are you playing
peachyqiss,oh??
peachyqiss,im on a realm rn
niltheoverkill,ah damn
niltheoverkill,ok
niltheoverkill,im assuming it's a friend of yours so
peachyqiss,you wanna play?
niltheoverkill,i mean
peachyqiss,yeah
niltheoverkill,yeah ofc
peachyqiss,okok
peachyqiss,i can make a new world
peachyqiss,hypixel?
niltheoverkill,nah ur good play with ur friends
peachyqiss,theres no one on dw
peachyqiss,i lost my house
peachyqiss,i just found it
peachyqiss,i spent 3 irl days looking for it
niltheoverkill,LMAOOOOOOOOOOOOOOOOOOOOOO
niltheoverkill,save ur coords WOMAN
niltheoverkill,or just get lunar client
niltheoverkill,ü§ì
peachyqiss,im on modrinth
peachyqiss,i used to play on lunar
niltheoverkill,y modrinth
niltheoverkill,are you on custom modpacks
peachyqiss,yeah and i play modded a lot
niltheoverkill,ah ok that makes sense
niltheoverkill,u dont need performance anyway so
peachyqiss,actually most of them are performance mods
peachyqiss,theyre amazing
peachyqiss,i'll redownload lunar just for you bbq
niltheoverkill,no no DONT YOU DONT HAVE TO üò≠
niltheoverkill,do u wanna play a chill minigame on hypixel or do u wanna play survival
peachyqiss,either works
niltheoverkill,ü™ô
niltheoverkill,im boutta flip a coin
niltheoverkill,anytime someone says that
peachyqiss,damn
niltheoverkill,choose
niltheoverkill,PLEASE IM BEGGING
niltheoverkill,:praypepe:
peachyqiss,head hyp
niltheoverkill,i am sooooooo indecisive these last days
peachyqiss,tails surviv
niltheoverkill,ok
peachyqiss,he's thinking so hard
niltheoverkill,i dont think bro has a coin to flip
peachyqiss,he's looking in the couch folds to find one
niltheoverkill,DASIJRGHEOUITJWOPGIHFNKSEWJRS
niltheoverkill,did it on staff server
niltheoverkill,added you to party
peachyqiss,yayayayay
niltheoverkill,how did i alt tab to send that
peachyqiss,wordle in 5
niltheoverkill,ü§ì :fingerWave:
niltheoverkill,22nd or 21st of may
peachyqiss,22nd
peachyqiss,4/6 on 21st
niltheoverkill,i was typing in folio and i was so unsure
niltheoverkill,"bc we call aluminum foil ‚Üífolyo ""folyo"" = ""folio"" in english im assuming"
peachyqiss,we call aluminum foil
peachyqiss,foil
peachyqiss,LMFAO
niltheoverkill,sometimes it's folio in english too apparently
peachyqiss,huh
peachyqiss,weird
peachyqiss,i didnt know it was a word
niltheoverkill,well my assumption paid off either way
niltheoverkill,woaah wild
peachyqiss,i did folic
peachyqiss,then folio
niltheoverkill,I know im living the high life ‚úåÔ∏èüî• you dont have to tell me
niltheoverkill,Apple juice and popcorn at 7:37 AM
peachyqiss,YUMMMYYYY
peachyqiss,my US friend is in spain and its so weird for yall to both just be waking up
niltheoverkill,it's 8 am
niltheoverkill,gm sunshine
peachyqiss,gm beautiful
peachyqiss,i usually wake up at 9-10 so
niltheoverkill,Yeaaah thats the goat summer schedule
niltheoverkill,so
niltheoverkill,what do you think about ria
niltheoverkill,i think no doubt we have her
peachyqiss,mhm mhm
niltheoverkill,yeah?
niltheoverkill,i'll talk to her explain what we do and how we do it and see if she's interested
peachyqiss,SORRY my phone died while i was responding
peachyqiss,yeah i am totally down for you doing that and i can give her a training/run down whenever she‚Äôs ready since me and her are one hour apart!
peachyqiss,OH did you ever give me owner perms back
peachyqiss,i totally forgot
niltheoverkill,i didnt babers
niltheoverkill,i tried one discord bot setup but no results
peachyqiss,boo
niltheoverkill,i know
niltheoverkill,i'll transfer it back to you im waiting on a random kid to respond to my question
peachyqiss,LMFAO got it
niltheoverkill,if that doesnt work either i give up
niltheoverkill,mama did raise a quitter
peachyqiss,amen
peachyqiss,YOURE 21
peachyqiss,IM 18 WHAT
niltheoverkill,STOOOOOOOOOOP
niltheoverkill,we're the same age ü§´
peachyqiss,trust
peachyqiss,I THOUGHT YOU AND REYNA WERE THE SAME AGE
peachyqiss,wait
peachyqiss,i knew that
peachyqiss,i knew you were 20 when i met you
niltheoverkill,she is like 2 years younger? no 1 maybe
niltheoverkill,yeah you did
niltheoverkill,keep remembering grandma with dementia
peachyqiss,LMFAO
niltheoverkill,I'm usually free in the evenings EST
niltheoverkill,Said Ria
peachyqiss,sounds good
peachyqiss,i can do tmrw at like 5 or 6
peachyqiss,hey am i still doing this? i never got any followup
peachyqiss,also following up on this üôè
niltheoverkill,oh she didnt text you?
niltheoverkill,i didnt do it with her bc the times she said she's available i was in class
niltheoverkill,ye shi didnt work so we have to host the bot the old way
niltheoverkill,and i lost hope halfway trying kinda
peachyqiss,she did not
peachyqiss,got it got it
peachyqiss,before you go on your trip i need owner perms back. i‚Äôm gonna try and set some stuff up. also i need the name of the bot you want to host
peachyqiss,pretty please gorgeous wife
niltheoverkill,you already have it
peachyqiss,OH
peachyqiss,i didn‚Äôt check
peachyqiss,ty gorg
peachyqiss,i just wanted to make sure bc i didn‚Äôt want to have something and you were gone
peachyqiss,can i play mc with you when i get back home?
niltheoverkill,I totally missed ur msg but i have been like afk on there
niltheoverkill,Im doing work
niltheoverkill,im training a natural language processing model
niltheoverkill,do i have your consent to download our chat from discord
niltheoverkill,and have ai work on it basically
niltheoverkill,"all names and sensitive info to be blurred ofc, if you care about that"
